Year,Rank,Team,Total Attendance,Avg. Attendance,Approx. Payroll ,W-L Record,W Record,L Record,Run Difference,RK,Total Games,Runs/Games,Hits,Stolen Bases,Walks,Stike Outs,Batting Average,On Base %,Slugging %,,
2024,13,AZ Diamondbacks,"2,341,876","28,912","$161,660,152 ",0.54938,89,73,0.6,8,162,5.47,1452,119,569,1265,0.263,0.337,0.44,,
2024,10,ATL Braves,"3,011,755","37,182","$241,662,300 ",0.54938,89,73,0.6,9,162,4.35,1333,69,485,1461,0.243,0.309,0.415,,
2024,11,BAL Orioles,"2,281,129","28,162","$117,347,715 ",0.56173,91,71,0.5,7,162,4.85,1391,98,489,1359,0.25,0.315,0.435,,
2024,18,BOS Red Sox,"2,659,949","32,839","$160,834,775 ",0.50000,81,81,0,18,162,4.64,1404,144,493,1570,0.252,0.319,0.423,,
2024,15,CHI Cubs,"2,909,794","35,923","$223,048,500 ",0.51235,83,79,0.4,16,162,4.54,1318,143,546,1362,0.242,0.317,0.393,,
2024,30,CHI White Sox,"1,380,733","17,046","$137,170,125 ",0.25309,41,121,-1.9,30,162,3.13,1187,90,395,1403,0.221,0.278,0.34,,
2024,22,CIN Reds,"2,024,178","24,990","$98,323,334 ",0.47531,77,85,0,22,162,4.31,1230,207,496,1459,0.231,0.305,0.388,,
2024,4,CLE Guardians,"2,056,264","25,703","$94,230,728 ",0.57143,92,69,0.5,6,161,4.4,1263,148,466,1196,0.238,0.307,0.395,,
2024,29,COL Rockies,"2,540,195","31,360","$147,069,963 ",0.37654,61,101,-1.5,29,162,4.21,1319,85,453,1617,0.242,0.304,0.4,,
2024,8,DET Tigers,"1,858,295","22,942","$105,584,833 ",0.53086,86,76,0.2,12,162,4.21,1273,76,476,1461,0.234,0.3,0.385,,
2024,12,HOU Astros,"2,835,234","35,003","$275,678,766 ",0.54658,88,73,0.6,11,161,4.6,1448,93,448,1176,0.262,0.322,0.418,,
2024,6,KAS Royals,"1,658,347","20,473","$113,442,261 ",0.53086,86,76,0.6,13,162,4.54,1343,134,429,1161,0.248,0.306,0.403,,
2024,27,LA Angels,"2,577,597","31,822","$165,637,050 ",0.38889,63,99,-1,27,162,3.92,1227,133,482,1416,0.229,0.301,0.369,,
2024,1,LA Dodgers,"3,941,251","48,657","$262,386,278 ",0.61635,98,61,1,1,159,5.2,1423,136,602,1336,0.258,0.335,0.446,,
2024,28,MIA Marlins,"1,087,455","13,425","$109,992,600 ",0.38272,62,100,-1.3,28,162,3.93,1347,125,403,1410,0.244,0.3,0.378,,
2024,9,MIL Brewers,"2,537,202","31,323","$115,142,460 ",0.57407,93,69,0.8,4,162,4.8,1359,217,597,1459,0.248,0.326,0.403,,
2024,17,MIN Twins,"1,951,616","24,094","$135,262,591 ",0.50617,82,80,0,17,162,4.58,1352,65,473,1306,0.246,0.315,0.411,,
2024,3,NY Mets,"2,329,299","28,757","$262,702,250 ",0.54938,89,73,0.4,10,162,4.74,1357,106,514,1382,0.246,0.319,0.415,,
2024,2,NY Yankees,"3,309,838","40,862","$291,463,084 ",0.58025,94,68,0.9,3,162,5.03,1352,88,672,1326,0.248,0.333,0.429,,
2024,26,OAK Athletics,"922,286","11,386","$55,690,000 ",0.00000,,,-0.7,,0,3.97,1267,98,493,1502,0.233,0.301,0.393,,
2024,7,PHI Phillies,"3,363,712","41,527","$248,632,283 ",0.58642,95,67,0.7,2,162,4.84,1423,148,515,1370,0.257,0.325,0.425,,
2024,23,PIT Pirates,"1,720,361","21,239","$97,476,500 ",0.46914,76,86,-0.5,23,162,4.1,1283,106,485,1506,0.234,0.301,0.371,,
2024,5,SD Padres,"3,330,545","41,118","$159,391,555 ",0.57407,93,69,0.6,5,162,4.69,1456,120,458,1077,0.263,0.324,0.42,,
2024,19,SF Giants,"2,647,736","32,688","$232,370,883 ",0.49383,80,82,0,20,162,4.17,1195,140,571,1625,0.224,0.311,0.376,,
2024,14,SEA Mariners,"2,555,813","31,553","$142,547,548 ",0.52469,85,77,0.4,14,162,4.28,1303,68,492,1452,0.239,0.305,0.396,,
2024,16,STL Cardinals,"2,878,115","35,532","$189,534,400 ",0.51235,83,79,-0.3,15,162,4.15,1363,91,478,1318,0.248,0.312,0.392,,
2024,20,TB Rays,"1,337,739","16,515","$128,533,112 ",0.49383,80,82,-0.4,19,162,3.73,1241,178,493,1485,0.23,0.302,0.366,,
2024,21,TEX Rangers,"2,651,553","32,735","$261,471,834 ",0.48148,78,84,-0.3,21,162,4.22,1302,97,490,1284,0.238,0.305,0.38,,
2024,24,TOR Blue Jays,"2,681,236","33,102","$225,628,287 ",0.45679,74,88,-0.4,24,162,4.14,1306,72,510,1233,0.241,0.313,0.389,,
2024,25,WAS Nationals,"1,967,302","24,288","$132,086,867 ",0.43827,71,91,-0.6,25,162,4.07,1306,223,456,1220,0.243,0.309,0.375,,
2023,2,AZ Diamondbacks,"1,961,182","24,212","$115,247,571 ",0.51852,84,78,-0.1,12,162,4.6,1359,166,540,1247,0.25,0.322,0.408,,
2023,7,ATL Braves,"3,191,505","39,401","$194,197,500 ",0.64198,104,58,1.4,1,162,5.85,1543,132,538,1289,0.276,0.344,0.501,,
2023,5,BAL Orioles,"1,936,798","23,911","$82,758,114 ",0.62346,101,61,0.8,2,162,4.98,1399,114,512,1370,0.255,0.321,0.421,,
2023,20,BOS Red Sox,"2,672,130","32,989","$181,282,500 ",0.48148,78,84,0,20,162,4.77,1437,112,486,1372,0.258,0.324,0.424,,
2023,14,CHI Cubs,"2,775,149","34,261","$162,918,250 ",0.51235,83,79,0.6,14,162,5.06,1399,140,570,1391,0.254,0.33,0.421,,
2023,27,CHI White Sox,"1,669,628","20,613","$140,725,951 ",0.37654,61,101,-1.2,27,162,3.96,1308,86,377,1424,0.238,0.291,0.384,,
2023,16,CIN Reds,"2,038,302","25,164","$77,877,833 ",0.50617,82,80,-0.2,17,162,4.83,1371,190,556,1500,0.249,0.327,0.42,,
2023,21,CLE Guardians,"1,834,068","22,643","$70,114,729 ",0.46914,76,86,-0.2,22,162,4.09,1379,151,471,1142,0.25,0.313,0.381,,
2023,28,COL Rockies,"2,607,935","32,197","$155,645,682 ",0.36420,59,103,-1.5,28,162,4.45,1368,76,447,1543,0.249,0.31,0.405,,
2023,19,DET Tigers,"1,612,876","19,912","$119,236,836 ",0.48148,78,84,-0.5,19,162,4.08,1292,85,508,1473,0.236,0.305,0.382,,
2023,3,HOU Astros,"3,052,347","37,683","$240,388,766 ",0.55556,90,72,0.8,7,162,5.1,1441,107,550,1241,0.259,0.331,0.437,,
2023,29,KAS Royals,"1,307,052","16,136","$88,186,975 ",0.34568,56,106,-1.1,29,162,4.17,1325,163,411,1396,0.244,0.303,0.398,,
2023,24,LA Angels,"2,640,575","32,600","$218,537,055 ",0.45062,73,89,-0.6,24,162,4.56,1346,72,518,1524,0.245,0.317,0.426,,
2023,6,LA Dodgers,"3,837,079","47,371","$227,091,667 ",0.61728,100,62,1.3,3,162,5.59,1422,105,644,1359,0.257,0.34,0.455,,
2023,10,MIA Marlins,"1,162,819","14,356","$114,351,500 ",0.51852,84,78,-0.4,13,162,4.11,1423,86,430,1287,0.259,0.316,0.405,,
2023,9,MIL Brewers,"2,551,347","31,498","$138,288,760 ",0.56790,92,70,0.5,5,162,4.49,1290,129,591,1412,0.24,0.319,0.385,,
2023,11,MIN Twins,"1,974,124","24,372","$137,798,640 ",0.53704,87,75,0.7,11,162,4.8,1336,86,594,1654,0.243,0.326,0.428,,
2023,23,NY Mets,"2,573,555","31,772","$208,427,344 ",0.46296,75,87,-0.1,23,162,4.43,1276,118,525,1331,0.238,0.316,0.407,,
2023,17,NY Yankees,"3,269,016","40,358","$259,417,008 ",0.50617,82,80,-0.2,15,162,4.15,1207,100,557,1427,0.227,0.304,0.397,,
2023,30,OAK Athletics,"832,352","10,276","$51,230,000 ",0.30864,50,112,-2.1,30,162,3.61,1187,149,498,1496,0.223,0.298,0.37,,
2023,4,PHI Phillies,"3,052,605","37,686","$241,362,606 ",0.55556,90,72,0.5,8,162,4.91,1417,141,539,1481,0.256,0.327,0.438,,
2023,22,PIT Pirates,"1,630,624","20,131","$72,407,500 ",0.46914,76,86,-0.6,21,162,4.27,1293,117,556,1464,0.239,0.315,0.392,,
2023,15,SD Padres,"3,271,554","40,390","$236,200,139 ",0.50617,82,80,0.6,16,162,4.64,1316,137,653,1311,0.244,0.329,0.413,,
2023,18,SF Giants,"2,690,418","33,215","$128,155,663 ",0.48765,79,83,-0.3,18,162,4.68,1332,118,548,1603,0.242,0.321,0.413,,
2023,13,SEA Mariners,"2,500,153","30,866","$177,920,416 ",0.54321,88,74,0.6,10,162,4.16,1271,57,544,1492,0.235,0.312,0.383,,
2023,25,STL Cardinals,"3,241,091","40,013","$174,086,450 ",0.43827,71,91,-0.7,25,162,4.44,1376,101,570,1326,0.25,0.326,0.416,,
2023,8,TB Rays,"1,440,301","17,781","$75,441,212 ",0.61111,99,63,1.2,4,162,5.31,1432,160,514,1420,0.26,0.331,0.445,,
2023,1,TEX Rangers,"2,533,044","31,272","$248,537,867 ",0.55556,90,72,1,6,162,5.44,1470,79,599,1416,0.263,0.337,0.452,,
2023,12,TOR Blue Jays,"3,021,904","37,307","$211,190,269 ",0.54938,89,73,0.5,9,162,4.6,1423,99,550,1303,0.256,0.329,0.417,,
2023,26,WAS Nationals,"1,865,832","23,035","$99,211,578 ",0.43827,71,91,-0.9,26,162,4.32,1401,127,423,1149,0.254,0.314,0.396,,
2022,20,AZ Diamondbacks,"1,605,199","19,817","$78,860,000 ",0.45679,74,88,-0.2,19,162,4.33,1232,104,531,1341,0.23,0.304,0.385,,
2022,6,ATL Braves,"3,129,931","38,641","$181,075,000 ",0.62346,101,61,1.1,3,162,4.87,1394,87,470,1498,0.253,0.317,0.443,,
2022,14,BAL Orioles,"1,368,367","16,893","$48,000,000 ",0.51235,83,79,-0.1,14,162,4.16,1281,95,476,1390,0.236,0.305,0.39,,
2022,18,BOS Red Sox,"2,625,089","32,409","$188,420,000 ",0.48148,78,84,-0.3,18,162,4.54,1427,52,478,1373,0.258,0.321,0.409,,
2022,19,CHI Cubs,"2,616,780","32,306","$131,085,000 ",0.45679,74,88,-0.5,20,162,4.06,1293,111,507,1448,0.238,0.311,0.387,,
2022,15,CHI White Sox,"2,009,359","24,807","$167,458,334 ",0.50000,81,81,-0.2,16,162,4.23,1435,58,388,1269,0.256,0.31,0.387,,
2022,28,CIN Reds,"1,395,770","17,232","$111,882,381 ",0.38272,62,100,-1,27,162,4,1264,58,452,1430,0.235,0.304,0.372,,
2022,7,CLE Guardians,"1,295,870","15,998","$65,960,000 ",0.56790,92,70,0.4,7,162,4.31,1410,119,450,1122,0.254,0.316,0.383,,
2022,24,COL Rockies,"2,597,428","32,067","$112,605,000 ",0.41975,68,94,-1.1,23,162,4.31,1408,45,453,1330,0.254,0.315,0.398,,
2022,25,DET Tigers,"1,575,544","19,214","$117,740,000 ",0.40741,66,96,-1,25,162,3.44,1240,47,380,1413,0.231,0.286,0.346,,
2022,1,HOU Astros,"2,688,998","33,198","$164,789,600 ",0.65432,106,56,1.4,2,162,4.55,1341,83,528,1179,0.248,0.319,0.424,,
2022,26,KAS Royals,"1,277,686","15,774","$87,410,000 ",0.40123,65,97,-1,26,162,3.95,1327,104,460,1287,0.244,0.306,0.38,,
2022,21,LA Angels,"2,457,461","30,339","$167,063,095 ",0.45062,73,89,-0.3,21,162,3.85,1265,77,449,1539,0.233,0.297,0.39,,
2022,8,LA Dodgers,"3,861,408","47,672","$261,180,131 ",0.68519,111,51,2.1,1,162,5.23,1418,98,607,1374,0.257,0.333,0.442,,
2022,22,MIA Marlins,"907,487","11,204","$68,200,000 ",0.42593,69,93,-0.6,22,162,3.62,1241,122,436,1429,0.23,0.294,0.363,,
2022,13,MIL Brewers,"2,422,420","29,906","$128,421,127 ",0.53086,86,76,0.2,13,162,4.48,1271,96,577,1464,0.235,0.315,0.409,,
2022,17,MIN Twins,"1,801,128","22,236","$110,792,857 ",0.48148,78,84,0.1,17,162,4.3,1356,38,518,1353,0.248,0.317,0.401,,
2022,10,NY Mets,"2,564,737","31,663","$240,473,333 ",0.62346,101,61,1,4,162,4.77,1422,62,510,1217,0.259,0.332,0.412,,
2022,3,NY Yankees,"3,136,207","38,719","$238,950,714 ",0.61111,99,63,1.5,5,162,4.98,1308,102,620,1391,0.241,0.325,0.426,,
2022,29,OAK Athletics,"787,902","9,849","$50,248,334 ",0.37037,60,102,-1.2,29,162,3.51,1147,78,433,1389,0.216,0.281,0.346,,
2022,2,PHI Phillies,"2,276,736","28,108","$209,488,461 ",0.53704,87,75,0.4,11,162,4.61,1392,105,478,1363,0.253,0.317,0.422,,
2022,27,PIT Pirates,"1,257,458","15,524","$37,925,000 ",0.38272,62,100,-1.4,28,162,3.65,1186,89,476,1497,0.222,0.291,0.364,,
2022,4,SD Padres,"2,987,470","36,882","$192,600,824 ",0.54938,89,73,0.3,10,162,4.35,1317,49,574,1327,0.241,0.318,0.382,,
2022,16,SF Giants,"2,287,267","28,238","$78,285,000 ",0.50000,81,81,0.1,15,162,4.26,1236,83,596,1397,0.23,0.315,0.39,,
2022,5,SEA Mariners,"2,482,686","30,650","$147,929,667 ",0.55556,90,72,0.4,9,162,4.42,1261,64,571,1462,0.234,0.315,0.39,,
2022,9,STL Cardinals,"3,320,551","40,994","$156,814,666 ",0.57407,93,69,0.8,6,162,4.77,1386,95,537,1226,0.252,0.325,0.42,,
2022,12,TB Rays,"1,128,127","13,927","$73,004,211 ",0.53086,86,76,0.3,12,162,4.11,1294,95,500,1395,0.239,0.309,0.377,,
2022,23,TEX Rangers,"2,011,361","24,832","$120,176,667 ",0.41975,68,94,-0.2,24,162,4.36,1308,128,456,1446,0.239,0.301,0.395,,
2022,11,TOR Blue Jays,"2,653,830","32,763","$172,705,857 ",0.56790,92,70,0.6,8,162,4.78,1464,67,500,1242,0.264,0.329,0.431,,
2022,30,WAS Nationals,"2,026,401","25,017","$125,051,666 ",0.33951,55,107,-1.6,30,162,3.72,1351,75,442,1221,0.249,0.31,0.377,,
2021,30,AZ Diamondbacks,"1,043,010","12,877","$77,691,667 ",0.32099,52,110,-1.3,30,162,4.19,1297,43,537,1465,0.236,0.309,0.382,,
2021,1,ATL Braves,"2,299,647","28,746","$127,230,000 ",0.54658,88,73,0.8,12,161,4.91,1307,59,549,1453,0.244,0.319,0.435,,
2021,29,BAL Orioles,"793,229","9,793","$42,075,000 ",0.32099,52,110,-1.8,29,162,4.07,1296,54,451,1454,0.239,0.304,0.402,,
2021,4,BOS Red Sox,"1,725,323","21,300","$156,095,000 ",0.56790,92,70,0.5,7,162,5.12,1434,40,512,1386,0.261,0.328,0.449,,
2021,24,CHI Cubs,"1,978,934","24,431","$144,413,500 ",0.43827,71,91,-0.8,24,162,4.35,1255,86,502,1596,0.237,0.312,0.407,,
2021,5,CHI White Sox,"1,596,385","19,708","$115,546,333 ",0.57407,93,69,1,6,162,4.91,1373,57,586,1389,0.256,0.336,0.422,,
2021,14,CIN Reds,"1,505,024","18,581","$116,784,881 ",0.51235,83,79,0.2,14,162,4.85,1352,36,553,1425,0.249,0.328,0.431,,
2021,16,CLE Guardians,"1,114,368","13,758","$50,425,500 ",0.00000,0,0,-0.1,,0,4.43,1269,109,453,1387,0.238,0.303,0.407,,
2021,21,COL Rockies,"1,938,645","23,934","$92,675,000 ",0.45963,74,87,-0.4,21,161,4.59,1338,76,491,1356,0.249,0.317,0.414,,
2021,18,DET Tigers,"1,102,621","13,613","$78,590,500 ",0.47531,77,85,-0.4,19,162,4.3,1299,88,490,1514,0.242,0.308,0.399,,
2021,2,HOU Astros,"2,068,509","25,537","$190,400,000 ",0.58642,95,67,1.3,4,162,5.33,1496,53,569,1222,0.267,0.339,0.444,,
2021,22,KC Royals,"1,159,613","14,316","$86,820,000 ",0.45679,74,88,-0.6,22,162,4.23,1349,124,421,1258,0.249,0.306,0.396,,
2021,20,LA Angels,"1,515,689","18,484","$188,408,595 ",0.00000,0,0,-0.5,,0,4.46,1331,79,464,1394,0.245,0.31,0.407,,
2021,3,LA Dodgers,"2,804,693","34,626","$248,108,334 ",0.65432,106,56,1.7,2,162,5.12,1330,65,613,1408,0.244,0.33,0.429,,
2021,25,MIA Marlins,"642,617","7,934","$33,150,000 ",0.41358,67,95,-0.5,25,162,3.85,1244,106,450,1553,0.233,0.298,0.372,,
2021,6,MIL Brewers,"1,824,282","22,522","$85,517,626 ",0.58642,95,67,0.7,5,162,4.56,1251,82,586,1465,0.233,0.317,0.396,,
2021,23,MIN Twins,"1,310,199","16,175","$120,158,333 ",0.45062,73,89,-0.6,23,162,4.5,1311,54,525,1405,0.241,0.314,0.423,,
2021,19,NY Mets,"1,511,926","18,666","$184,675,167 ",0.47531,77,85,-0.2,20,162,3.93,1243,54,495,1392,0.239,0.315,0.391,,
2021,10,NY Yankees,"1,959,854","24,196","$209,799,047 ",0.56790,92,70,0.3,8,162,4.39,1266,63,621,1482,0.237,0.322,0.407,,
2021,13,OAK Athletics,"701,430","8,660","$94,555,834 ",0.53086,86,76,0.3,13,162,4.59,1284,88,545,1349,0.238,0.317,0.406,,
2021,15,PHI Phillies,"1,515,890","18,715","$185,286,962 ",0.50617,82,80,-0.1,15,162,4.53,1288,77,564,1402,0.24,0.318,0.408,,
2021,27,PIT Pirates,"859,498","10,611","$50,255,000 ",0.37654,61,101,-1.4,27,162,3.76,1261,60,529,1328,0.236,0.309,0.364,,
2021,17,SD Padres,"2,191,950","27,061","$154,984,286 ",0.48765,79,83,0.1,17,162,4.5,1305,110,586,1324,0.242,0.321,0.401,,
2021,8,SF Giants,"1,215,985","15,012","$64,605,500 ",0.66049,107,55,1.3,1,162,4.3,1209,64,535,1492,0.226,0.303,0.385,,
2021,12,SEA Mariners,"1,679,484","20,734","$150,863,778 ",0.55556,90,72,-0.3,11,162,4.96,1360,66,602,1461,0.249,0.329,0.44,,
2021,9,STL Cardinals,"2,102,530","25,957","$155,329,667 ",0.55556,90,72,0.2,10,162,4.36,1303,89,478,1341,0.244,0.313,0.412,,
2021,7,TB Rays,"761,072","9,396","$52,937,166 ",0.61728,100,62,1.3,3,162,5.29,1336,88,585,1542,0.243,0.321,0.429,,
2021,28,TEX Rangers,"2,110,258","26,053","$67,890,999 ",0.37037,60,102,-1.2,28,162,3.86,1254,106,433,1381,0.232,0.294,0.375,,
2021,11,TOR Blue Jays,"805,901","10,074","$121,694,071 ",0.56173,91,71,1.1,9,162,5.22,1455,81,496,1218,0.266,0.33,0.466,,
2021,26,WAS Nationals,"1,465,543","18,093","$172,370,147 ",0.40123,65,97,-0.6,26,162,4.47,1388,56,573,1303,0.258,0.337,0.417,,
2020,26,AZ Diamondbacks,0,0,"$88,176,667 ",0.41667,25,35,-0.4,25,60,4.48,482,23,181,461,0.241,0.312,0.391,,
2020,4,ATL Braves,0,0,"$130,705,000 ",0.58333,35,25,1,6,60,5.8,556,23,239,573,0.268,0.349,0.483,,
2020,25,BAL Orioles,0,0,"$52,190,000 ",0.41667,25,35,-0.3,26,60,4.57,523,19,164,514,0.258,0.321,0.429,,
2020,27,BOS Red Sox,0,0,"$171,984,429 ",0.40000,24,36,-1,27,60,4.87,552,31,187,545,0.265,0.33,0.445,,
2020,16,CHI Cubs,0,0,"$181,560,000 ",0.56667,34,26,0.4,9,60,4.42,422,24,229,568,0.22,0.318,0.387,,
2020,15,CHI White Sox,0,0,"$119,066,333 ",0.58333,35,25,1,7,60,5.1,534,20,179,571,0.261,0.326,0.453,,
2020,12,CIN Reds,0,0,"$120,781,165 ",0.51667,31,29,0,13,60,4.05,390,29,239,534,0.212,0.312,0.403,,
2020,13,CLE Guardians,0,0,"$101,991,668 ",0.58333,35,25,0.7,8,60,4.13,446,25,239,517,0.228,0.317,0.372,,
2020,23,COL Rockies,0,0,"$144,730,000 ",0.43333,26,34,-1.3,20,60,4.58,528,42,161,543,0.257,0.311,0.405,,
2020,28,DET Tigers,0,0,"$88,385,000 ",0.39655,23,35,-1.2,28,58,4.29,463,19,147,567,0.245,0.303,0.397,,
2020,3,HOU Astros,0,0,"$217,000,000 ",0.48333,29,31,0.1,17,60,4.65,478,22,192,440,0.24,0.312,0.408,,
2020,22,KC Royals,0,0,"$68,600,000 ",0.43333,26,34,-0.4,22,60,4.13,485,49,172,527,0.244,0.309,0.402,,
2020,21,LA Angels,0,0,"$181,254,762 ",0.43333,26,34,-0.5,23,60,4.9,501,21,239,490,0.248,0.332,0.43,,
2020,1,LA Dodgers,0,0,"$216,508,333 ",0.71667,43,17,2.3,1,60,5.82,523,29,228,471,0.256,0.338,0.483,,
2020,8,MIA Marlins,0,0,"$68,450,000 ",0.51667,31,29,-0.7,14,60,4.38,472,51,191,537,0.244,0.319,0.384,,
2020,9,MIL Brewers,0,0,"$103,541,667 ",0.48333,29,31,-0.3,16,60,4.12,429,15,221,582,0.223,0.313,0.389,,
2020,11,MIN Twins,0,0,"$134,838,333 ",0.60000,36,24,0.9,5,60,4.48,468,14,186,528,0.242,0.315,0.427,,
2020,20,NY Mets,0,0,"$162,078,667 ",0.43333,26,34,-0.4,24,60,4.77,551,20,197,498,0.272,0.348,0.459,,
2020,5,NY Yankees,0,0,"$218,635,714 ",0.55000,33,27,0.8,10,60,5.25,473,27,251,480,0.247,0.342,0.447,,
2020,7,OAK Athletics,0,0,"$85,683,333 ",0.52000,26,24,0.7,4,50,4.57,430,26,238,524,0.225,0.322,0.396,,
2020,18,PHI Phillies,0,0,"$170,148,461 ",0.46667,28,32,-0.1,18,60,5.1,500,35,229,480,0.257,0.342,0.439,,
2020,30,PIT Pirates,0,0,"$49,628,500 ",0.31667,19,41,-1.3,30,60,3.65,425,16,167,521,0.22,0.284,0.357,,
2020,6,SD Padres,0,0,"$141,953,667 ",0.61667,37,23,1.4,3,60,5.42,506,55,204,479,0.257,0.333,0.466,,
2020,17,SF Giants,0,0,"$92,310,000 ",0.48333,29,31,0,15,60,4.23,435,50,207,545,0.226,0.309,0.37,,
2020,19,SEA Mariners,0,0,"$152,957,778 ",0.45000,27,33,-0.8,19,60,4.98,532,19,195,499,0.263,0.335,0.451,,
2020,14,STL Cardinals,0,0,"$153,396,167 ",0.51724,30,28,0.2,12,58,4.14,410,18,205,477,0.234,0.323,0.371,,
2020,2,TB Rays,0,0,"$56,351,667 ",0.66667,40,20,1,2,60,4.82,470,48,243,608,0.238,0.328,0.425,,
2020,29,TEX Rangers,0,0,"$122,326,667 ",0.36667,22,38,-1.5,29,60,3.73,420,49,167,548,0.217,0.285,0.364,,
2020,10,TOR Blue Jays,0,0,"$76,078,572 ",0.53333,32,28,-0.2,11,60,5.03,516,33,203,508,0.255,0.325,0.441,,
2020,24,WAS Nationals,0,0,"$172,237,283 ",0.43333,26,34,-0.1,21,60,4.88,519,33,192,451,0.264,0.336,0.433,,
2019,13,AZ Diamondbacks,"2,135,510","26,364","$124,016,266 ",0.52469,85,77,0.4,13,162,5.02,1419,88,540,1360,0.252,0.323,0.434,,
2019,7,ATL Braves,"2,654,920","32,777","$133,186,667 ",0.59877,97,65,0.7,5,162,5.28,1432,89,619,1467,0.258,0.336,0.452,,
2019,29,BAL Orioles,"1,307,807","16,146","$82,696,100 ",0.33333,54,108,-1.6,29,162,4.5,1379,84,462,1435,0.246,0.31,0.415,,
2019,14,BOS Red Sox,"2,915,502","35,994","$218,978,142 ",0.51852,84,78,0.5,15,162,5.56,1554,68,590,1382,0.269,0.34,0.466,,
2019,15,CHI Cubs,"3,094,865","38,208","$220,305,215 ",0.51852,84,78,0.6,14,162,5.02,1378,45,581,1460,0.252,0.331,0.452,,
2019,20,CHI White Sox,"1,649,775","20,622","$80,846,333 ",0.44720,72,89,-0.8,20,161,4.4,1443,63,378,1549,0.261,0.314,0.414,,
2019,19,CIN Reds,"1,809,075","22,334","$109,737,499 ",0.46296,75,87,-0.1,19,162,4.33,1328,80,492,1436,0.244,0.315,0.422,,
2019,11,CLE Guardians,"1,738,642","21,465","$151,257,783 ",0.57407,93,69,0.7,8,162,4.75,1354,103,563,1332,0.25,0.323,0.432,,
2019,22,COL Rockies,"2,993,244","36,954","$145,348,500 ",0.43827,71,91,-0.8,22,162,5.15,1502,71,489,1503,0.265,0.326,0.456,,
2019,30,DET Tigers,"1,501,430","18,536","$100,618,500 ",0.29193,47,114,-2.1,30,161,3.61,1333,57,391,1595,0.24,0.294,0.388,,
2019,2,HOU Astros,"2,857,367","35,276","$166,042,500 ",0.66049,107,55,1.7,1,162,5.68,1538,67,645,1166,0.274,0.352,0.495,,
2019,27,KAS Royals,"1,479,659","18,267","$98,183,242 ",0.36420,59,103,-1.1,27,162,4.27,1356,117,456,1405,0.247,0.309,0.401,,
2019,21,LA Angels,"3,023,012","37,321","$158,078,584 ",0.44444,72,90,-0.6,21,162,4.75,1368,65,586,1276,0.247,0.324,0.422,,
2019,5,LA Dodgers,"3,974,309","49,066","$193,553,333 ",0.65432,106,56,1.7,2,162,5.47,1414,57,607,1356,0.257,0.338,0.472,,
2019,28,MIA Marlins,"811,302","10,016","$74,683,643 ",0.35185,57,105,-1.2,28,162,3.8,1326,55,395,1469,0.241,0.298,0.375,,
2019,9,MIL Brewers,"2,923,333","36,091","$128,842,900 ",0.54938,89,73,0,11,162,4.75,1366,101,629,1563,0.246,0.329,0.438,,
2019,8,MIN Twins,"2,303,299","28,436","$113,758,333 ",0.62346,101,61,1.1,4,162,5.8,1547,28,525,1334,0.27,0.338,0.494,,
2019,12,NY Mets,"2,442,532","30,155","$154,837,230 ",0.53086,86,76,0.3,12,162,4.88,1445,56,516,1384,0.257,0.328,0.442,,
2019,4,NY Yankees,"3,304,404","40,795","$228,442,421 ",0.56296,76,59,1.3,3,135,5.82,1493,55,569,1437,0.267,0.339,0.49,,
2019,10,OAK Athletics,"1,670,734","20,626","$102,935,833 ",0.59877,97,65,1,6,162,5.22,1384,49,578,1338,0.249,0.327,0.448,,
2019,16,PHI Phillies,"2,727,421","33,672","$141,786,962 ",0.50000,81,81,-0.1,16,162,4.78,1369,78,562,1453,0.246,0.319,0.427,,
2019,24,PIT Pirates,"1,491,439","18,413","$72,915,501 ",0.42593,69,93,-0.9,24,162,4.68,1497,64,425,1213,0.265,0.321,0.42,,
2019,23,SD Padres,"2,396,399","29,585","$90,260,767 ",0.43210,70,92,-0.7,23,162,4.21,1281,70,504,1581,0.238,0.308,0.41,,
2019,18,SF Giants,"1,791,109","22,112","$126,874,600 ",0.47531,77,85,-0.6,18,162,4.68,1305,115,588,1581,0.237,0.316,0.424,,
2019,25,SEA Mariners,"2,707,760","33,429","$175,450,753 ",0.41975,68,94,-0.8,25,162,4.19,1332,47,475,1435,0.239,0.302,0.392,,
2019,3,STL Cardinals,"3,480,393","42,968","$161,120,267 ",0.56173,91,71,0.6,10,162,4.72,1336,116,561,1420,0.245,0.322,0.415,,
2019,6,TB Rays,"1,178,735","14,552","$57,098,067 ",0.59259,96,66,0.7,7,162,4.75,1427,94,542,1493,0.254,0.325,0.431,,
2019,17,TEX Rangers,"2,132,994","26,333","$104,433,499 ",0.48148,78,84,-0.4,17,162,5,1374,131,534,1578,0.248,0.319,0.431,,
2019,26,TOR Blue Jays,"1,750,144","21,607","$62,180,671 ",0.41358,67,95,-0.6,26,162,4.48,1299,51,509,1514,0.236,0.305,0.428,,
2019,1,WAS Nationals,"2,259,781","27,899","$203,016,595 ",0.57407,93,69,0.9,9,162,5.39,1460,116,584,1308,0.265,0.342,0.454,,
2018,16,AZ Diamondbacks,"2,242,695","27,688","$134,850,600 ",0.50617,82,80,0.3,15,162,4.28,1283,79,560,1460,0.235,0.31,0.397,,
2018,7,ATL Braves,"2,555,781","31,553","$115,848,667 ",0.55556,90,72,0.6,11,162,4.69,1433,90,511,1290,0.257,0.324,0.417,,
2018,30,BAL Orioles,"1,564,192","19,311","$141,555,833 ",0.29012,47,115,-1.7,30,162,3.84,1317,81,422,1412,0.239,0.298,0.391,,
2018,1,BOS Red Sox,"2,895,575","35,748","$222,205,000 ",0.66667,108,54,1.4,1,162,5.41,1509,125,569,1253,0.268,0.339,0.453,,
2018,10,CHI Cubs,"3,181,089","38,794","$205,373,881 ",0.58282,95,68,0.7,6,163,4.67,1453,66,576,1388,0.258,0.333,0.41,,
2018,28,CHI White Sox,"1,608,817","19,862","$75,092,000 ",0.38272,62,100,-1.2,28,162,4.05,1332,98,425,1594,0.241,0.302,0.401,,
2018,23,CIN Reds,"1,629,356","20,116","$94,587,500 ",0.41358,67,95,-0.8,24,162,4.3,1404,77,559,1376,0.254,0.328,0.401,,
2018,8,CLE Guardians,"1,926,701","23,786","$143,375,233 ",0.56173,91,71,1,8,162,5.05,1447,135,554,1189,0.259,0.332,0.434,,
2018,6,COL Rockies,"3,015,880","37,233","$136,658,500 ",0.55828,91,72,0.2,9,163,4.79,1418,95,507,1397,0.256,0.322,0.435,,
2018,26,DET Tigers,"1,856,970","22,926","$111,531,000 ",0.39506,64,98,-1,26,162,3.89,1326,70,428,1341,0.241,0.3,0.38,,
2018,3,HOU Astros,"2,980,549","36,797","$172,781,200 ",0.63580,103,59,1.6,2,162,4.92,1390,71,565,1197,0.255,0.329,0.425,,
2018,29,KAS Royals,"1,665,107","20,557","$95,199,167 ",0.35802,58,104,-1.2,29,162,3.94,1350,117,427,1310,0.245,0.305,0.392,,
2018,18,LA Angels,"3,020,216","37,287","$166,849,666 ",0.49383,80,82,0,17,162,4.45,1323,89,514,1300,0.242,0.313,0.413,,
2018,2,LA Dodgers,"3,857,500","47,043","$164,703,429 ",0.56442,92,71,1.2,7,163,4.93,1394,75,647,1436,0.25,0.333,0.442,,
2018,27,MIA Marlins,"811,104","10,014","$86,515,143 ",0.39130,63,98,-1.4,27,161,3.66,1303,45,455,1384,0.237,0.303,0.357,,
2018,4,MIL Brewers,"2,850,875","35,196","$109,295,700 ",0.58896,96,67,0.6,5,163,4.63,1398,124,537,1458,0.252,0.323,0.424,,
2018,19,MIN Twins,"1,959,197","24,188","$110,275,000 ",0.48148,78,84,-0.2,19,162,4.56,1379,47,534,1328,0.25,0.318,0.405,,
2018,20,NY Mets,"2,224,995","27,469","$161,403,844 ",0.47531,77,85,-0.2,20,162,4.17,1282,71,566,1404,0.234,0.312,0.389,,
2018,5,NY Yankees,"3,482,855","42,998","$160,643,032 ",0.61728,100,62,1.1,3,162,5.25,1374,63,625,1421,0.249,0.329,0.451,,
2018,9,OAK Athletics,"1,573,616","19,427","$69,883,333 ",0.59877,97,65,0.9,4,162,5.02,1407,35,550,1381,0.252,0.325,0.439,,
2018,17,PHI Phillies,"2,158,124","26,644","$93,874,333 ",0.49383,80,82,-0.3,18,162,4.18,1270,69,582,1520,0.234,0.314,0.393,,
2018,14,PIT Pirates,"1,465,316","18,316","$88,141,000 ",0.50932,82,79,0,14,161,4.3,1381,70,474,1229,0.254,0.317,0.407,,
2018,25,SD Padres,"2,168,536","26,772","$93,821,067 ",0.40994,66,95,-0.9,25,161,3.81,1289,95,471,1523,0.235,0.297,0.38,,
2018,21,SF Giants,"2,299,489","28,389","$157,090,065 ",0.45062,73,89,-0.6,21,162,4.18,1402,79,430,1221,0.254,0.314,0.408,,
2018,12,SEA Mariners,"3,156,185","38,965","$202,060,277 ",0.54938,89,73,-0.2,12,162,3.72,1324,77,448,1467,0.239,0.3,0.368,,
2018,13,STL Cardinals,"3,403,587","42,020","$157,713,667 ",0.54321,88,74,0.4,13,162,4.69,1369,63,525,1380,0.249,0.321,0.409,,
2018,11,TB Rays,"1,154,973","14,259","$46,569,867 ",0.55556,90,72,0.4,10,162,4.42,1415,128,540,1388,0.258,0.333,0.406,,
2018,24,TEX Rangers,"2,107,107","26,014","$106,099,628 ",0.41358,67,95,-0.7,23,162,4.55,1308,74,555,1484,0.24,0.318,0.404,,
2018,22,TOR Blue Jays,"2,325,281","28,707","$151,670,772 ",0.45062,73,89,-0.8,22,162,4.38,1336,47,499,1387,0.244,0.312,0.427,,
2018,15,WAS Nationals,"2,529,604","31,230","$188,886,699 ",0.50617,82,80,0.5,16,162,4.76,1402,119,631,1289,0.254,0.335,0.419,,
2017,5,AZ Diamondbacks,"2,134,375","26,350","$106,580,200 ",0.57407,93,69,0.9,5,162,5.01,1405,103,578,1456,0.254,0.329,0.445,,
2017,23,ATL Braves,"2,505,252","30,929","$119,705,250 ",0.44444,72,90,-0.5,23,162,4.52,1467,77,474,1184,0.263,0.326,0.412,,
2017,21,BAL Orioles,"2,028,424","25,042","$161,621,633 ",0.46296,75,87,-0.6,20,162,4.59,1469,32,392,1412,0.26,0.312,0.435,,
2017,7,BOS Red Sox,"2,917,678","36,021","$200,550,750 ",0.57407,93,69,0.7,6,162,4.85,1461,106,571,1224,0.258,0.329,0.407,,
2017,4,CHI Cubs,"3,199,562","39,501","$177,210,667 ",0.56790,92,70,0.8,7,162,5.07,1402,62,622,1401,0.255,0.338,0.437,,
2017,27,CHI White Sox,"1,629,470","20,117","$97,842,000 ",0.41358,67,95,-0.7,27,162,4.36,1412,71,401,1397,0.256,0.314,0.417,,
2017,26,CIN Reds,"1,836,917","22,678","$79,315,786 ",0.41975,68,94,-0.7,26,162,4.65,1390,120,565,1329,0.253,0.329,0.433,,
2017,6,CLE Guardians,"2,048,138","25,286","$114,427,167 ",0.62963,102,60,1.6,2,162,5.05,1449,88,604,1153,0.263,0.339,0.449,,
2017,10,COL Rockies,"2,953,650","36,465","$106,650,000 ",0.53704,87,75,0.4,9,162,5.09,1510,59,519,1408,0.273,0.338,0.444,,
2017,30,DET Tigers,"2,321,599","28,662","$118,375,600 ",0.39506,64,98,-1,29,162,4.54,1435,65,503,1313,0.258,0.324,0.424,,
2017,1,HOU Astros,"2,403,671","29,675","$157,656,400 ",0.62346,101,61,1.2,3,162,5.53,1581,98,509,1087,0.282,0.346,0.478,,
2017,14,KAS Royals,"2,220,370","27,412","$127,555,817 ",0.49383,80,82,-0.5,13,162,4.33,1436,91,390,1166,0.259,0.311,0.42,,
2017,13,LA Angels,"3,019,585","37,279","$181,125,500 ",0.49383,80,82,0,15,162,4.38,1314,136,523,1198,0.243,0.315,0.397,,
2017,2,LA Dodgers,"3,765,856","46,492","$201,466,263 ",0.64198,104,58,1.2,1,162,4.75,1347,77,649,1380,0.249,0.334,0.437,,
2017,18,MIA Marlins,"1,583,014","20,295","$111,591,100 ",0.47531,77,85,-0.3,18,162,4.8,1497,91,486,1282,0.267,0.331,0.431,,
2017,11,MIL Brewers,"2,627,705","31,282","$68,439,300 ",0.53086,86,76,0.2,10,162,4.52,1363,128,547,1571,0.249,0.322,0.429,,
2017,9,MIN Twins,"2,051,279","25,324","$103,932,500 ",0.52469,85,77,0.2,11,162,5.03,1444,95,593,1342,0.26,0.334,0.434,,
2017,25,NY Mets,"2,460,622","30,378","$176,615,252 ",0.43210,70,92,-0.8,25,162,4.54,1379,58,529,1291,0.25,0.32,0.434,,
2017,3,NY Yankees,"3,154,938","38,950","$182,424,700 ",0.56173,91,71,1.2,8,162,5.3,1463,90,616,1386,0.262,0.339,0.447,,
2017,22,OAK Athletics,"1,475,721","18,219","$51,560,000 ",0.46296,75,87,-0.5,21,162,4.56,1344,57,565,1491,0.246,0.319,0.436,,
2017,28,PHI Phillies,"1,905,354","23,523","$86,276,000 ",0.40741,66,96,-0.6,28,162,4.26,1382,59,494,1417,0.25,0.315,0.409,,
2017,20,PIT Pirates,"1,919,447","23,697","$102,953,333 ",0.46296,75,87,-0.4,22,162,4.12,1331,67,519,1213,0.244,0.318,0.386,,
2017,24,SD Padres,"2,138,491","26,401","$49,248,767 ",0.43827,71,91,-1.3,24,162,3.73,1251,89,460,1499,0.234,0.299,0.393,,
2017,29,SF Giants,"2,135,445","26,364","$172,438,700 ",0.39506,64,98,-0.8,30,162,4.63,1436,89,487,1267,0.259,0.325,0.424,,
2017,17,SEA Mariners,"3,303,652","40,786","$177,399,833 ",0.48148,78,84,-0.1,17,162,3.94,1382,76,467,1204,0.249,0.309,0.38,,
2017,12,STL Cardinals,"3,448,337","42,572","$129,652,933 ",0.51235,83,79,0.3,12,162,4.7,1402,81,593,1348,0.256,0.334,0.426,,
2017,15,TB Rays,"1,253,619","15,477","$79,473,033 ",0.49383,80,82,-0.1,14,162,4.28,1340,88,545,1538,0.245,0.317,0.422,,
2017,16,TEX Rangers,"2,507,760","30,960","$207,326,274 ",0.48148,78,84,-0.1,16,162,4.93,1326,113,544,1493,0.244,0.32,0.43,,
2017,19,TOR Blue Jays,"3,203,886","39,554","$158,890,575 ",0.46914,76,86,-0.6,19,162,4.28,1320,53,542,1327,0.24,0.312,0.412,,
2017,8,WAS Nationals,"2,524,980","31,173","$175,587,301 ",0.59877,97,65,0.9,4,162,5.06,1477,108,542,1327,0.266,0.332,0.449,,
2016,24,AZ Diamondbacks,"2,036,216","25,138","$78,399,500 ",0.42593,69,93,-0.9,25,162,4.64,1479,137,463,1427,0.261,0.32,0.432,,
2016,26,ATL Braves,"2,020,914","24,950","$74,999,750 ",0.42236,68,93,-0.8,26,161,4.03,1404,75,502,1240,0.255,0.321,0.384,,
2016,9,BAL Orioles,"2,172,344","26,819","$153,744,833 ",0.54938,89,73,0.2,7,162,4.59,1413,19,468,1324,0.256,0.317,0.443,,
2016,8,BOS Red Sox,"2,955,434","36,487","$218,682,750 ",0.57407,93,69,1.1,5,162,5.42,1598,83,558,1160,0.282,0.348,0.461,,
2016,1,CHI Cubs,"3,232,420","39,906","$176,097,333 ",0.63975,103,58,1.6,1,161,4.99,1409,66,656,1339,0.256,0.343,0.429,,
2016,19,CHI White Sox,"1,746,293","21,559","$113,416,000 ",0.48148,78,84,-0.2,19,162,4.23,1428,77,455,1285,0.257,0.317,0.41,,
2016,29,CIN Reds,"1,894,085","23,384","$77,329,561 ",0.41975,68,94,-0.9,28,162,4.42,1403,139,452,1284,0.256,0.316,0.408,,
2016,2,CLE Guardians,"1,591,667","19,650","$94,511,067 ",0.58385,94,67,0.6,4,161,4.83,1435,134,531,1246,0.262,0.329,0.43,,
2016,20,COL Rockies,"2,602,524","32,130","$89,707,000 ",0.46296,75,87,-0.1,20,162,5.22,1544,66,494,1330,0.275,0.336,0.457,,
2016,11,DET Tigers,"2,493,859","31,173","$199,902,000 ",0.53416,86,75,0.2,11,161,4.66,1476,58,493,1303,0.267,0.331,0.438,,
2016,14,HOU Astros,"2,306,623","28,477","$89,498,000 ",0.51852,84,78,0.1,14,162,4.47,1367,102,554,1452,0.247,0.319,0.417,,
2016,16,KAS Royals,"2,557,712","31,577","$125,132,675 ",0.50000,81,81,-0.2,16,162,4.17,1450,121,382,1224,0.261,0.312,0.4,,
2016,21,LA Angels,"3,016,142","37,236","$139,712,000 ",0.45679,74,88,-0.1,21,162,4.43,1410,73,471,991,0.26,0.322,0.405,,
2016,3,LA Dodgers,"3,703,312","45,720","$231,342,096 ",0.56173,91,71,0.5,6,162,4.48,1376,45,525,1321,0.249,0.319,0.409,,
2016,17,MIA Marlins,"1,712,417","21,405","$72,472,000 ",0.49068,79,82,-0.2,17,161,4.07,1460,71,447,1213,0.263,0.322,0.394,,
2016,22,MIL Brewers,"2,314,614","28,575","$52,077,500 ",0.45062,73,89,-0.4,22,162,4.14,1299,181,599,1543,0.244,0.322,0.407,,
2016,30,MIN Twins,"1,963,912","24,246","$93,333,700 ",0.36420,59,103,-1,30,162,4.46,1409,91,513,1426,0.251,0.316,0.421,,
2016,10,NY Mets,"2,789,602","34,440","$155,221,282 ",0.53704,87,75,0.3,10,162,4.14,1342,42,517,1302,0.246,0.316,0.417,,
2016,15,NY Yankees,"3,063,405","37,820","$193,229,350 ",0.51852,84,78,-0.1,15,162,4.2,1378,72,475,1188,0.252,0.315,0.405,,
2016,25,OAK Athletics,"1,521,506","18,784","$54,969,067 ",0.42593,69,93,-0.7,24,162,4.03,1352,50,442,1145,0.246,0.304,0.395,,
2016,23,PHI Phillies,"1,915,144","23,644","$84,846,666 ",0.43827,71,91,-1.1,23,162,3.77,1305,96,424,1376,0.24,0.301,0.384,,
2016,18,PIT Pirates,"2,249,201","27,768","$81,187,933 ",0.48447,78,83,-0.2,18,161,4.5,1426,110,561,1334,0.257,0.332,0.402,,
2016,27,SD Padres,"2,351,422","29,030","$50,656,166 ",0.41975,68,94,-0.5,29,162,4.23,1275,125,449,1500,0.235,0.299,0.39,,
2016,5,SF Giants,"2,267,928","27,999","$137,169,100 ",0.53704,87,75,0.5,9,162,4.74,1446,56,506,1288,0.259,0.326,0.43,,
2016,12,SEA Mariners,"3,365,256","41,546","$177,021,333 ",0.53086,86,76,0.4,12,162,4.41,1437,79,572,1107,0.258,0.329,0.398,,
2016,13,STL Cardinals,"3,444,490","42,525","$150,353,500 ",0.53086,86,76,0.4,13,162,4.81,1415,35,526,1318,0.255,0.325,0.442,,
2016,28,TB Rays,"1,286,163","15,879","$48,223,791 ",0.41975,68,94,-0.3,27,162,4.15,1333,60,449,1482,0.243,0.307,0.426,,
2016,6,TEX Rangers,"2,710,402","33,462","$212,117,760 ",0.58642,95,67,0,3,162,4.72,1446,99,436,1220,0.262,0.322,0.433,,
2016,4,TOR Blue Jays,"3,392,099","41,878","$182,690,767 ",0.54938,89,73,0.6,8,162,4.69,1358,54,632,1362,0.248,0.33,0.426,,
2016,7,WAS Nationals,"2,481,938","30,641","$152,967,400 ",0.58642,95,67,0.9,2,162,4.71,1403,121,536,1252,0.256,0.326,0.426,,
2015,18,AZ Diamondbacks,"2,080,145","25,681","$64,434,000 ",0.48765,79,83,0,18,162,4.44,1494,132,490,1312,0.264,0.324,0.414,,
2015,28,ATL Braves,"2,001,392","24,709","$104,037,500 ",0.41358,67,95,-1.2,28,162,3.54,1361,69,471,1107,0.251,0.314,0.359,,
2015,16,BAL Orioles,"2,281,202","29,246","$112,989,833 ",0.50000,81,81,0.1,16,162,4.4,1370,44,418,1331,0.25,0.307,0.421,,
2015,19,BOS Red Sox,"2,880,694","35,564","$183,931,900 ",0.48148,78,84,0,19,162,4.62,1495,71,478,1148,0.265,0.325,0.415,,
2015,4,CHI Cubs,"2,919,122","36,039","$115,306,610 ",0.59877,97,65,0.5,3,162,4.25,1341,95,567,1518,0.244,0.321,0.398,,
2015,20,CHI White Sox,"1,755,810","21,677","$112,889,700 ",0.46914,76,86,-0.5,21,162,3.84,1381,68,404,1231,0.25,0.306,0.38,,
2015,29,CIN Reds,"2,419,506","29,870","$111,572,286 ",0.39506,64,98,-0.7,29,162,3.95,1382,134,496,1255,0.248,0.312,0.394,,
2015,15,CLE Guardians,"1,388,905","17,361","$59,163,766 ",0.50311,81,80,0.2,15,161,4.16,1395,86,533,1157,0.256,0.325,0.401,,
2015,27,COL Rockies,"2,506,789","30,948","$96,438,600 ",0.41975,68,94,-0.7,26,162,4.55,1479,97,388,1283,0.265,0.315,0.432,,
2015,22,DET Tigers,"2,726,048","33,655","$172,284,750 ",0.45963,74,87,-0.7,22,161,4.28,1515,83,455,1259,0.27,0.328,0.42,,
2015,5,HOU Astros,"2,153,585","26,587","$93,256,200 ",0.53086,86,76,0.7,10,162,4.5,1363,121,486,1392,0.25,0.315,0.437,,
2015,1,KAS Royals,"2,708,549","33,439","$121,590,475 ",0.58642,95,67,0.5,4,162,4.47,1497,104,383,973,0.269,0.322,0.412,,
2015,11,LA Angels,"3,012,765","37,195","$131,522,500 ",0.52469,85,77,-0.1,11,162,4.08,1331,52,435,1150,0.246,0.307,0.396,,
2015,7,LA Dodgers,"3,764,815","46,479","$265,140,429 ",0.56790,92,70,0.4,6,162,4.12,1346,59,563,1258,0.25,0.326,0.413,,
2015,24,MIA Marlins,"1,752,235","21,633","$71,231,500 ",0.43827,71,91,-0.4,4,162,3.78,1420,112,375,1150,0.26,0.31,0.384,,
2015,25,MIL Brewers,"2,542,558","31,390","$70,869,500 ",0.41975,68,94,-0.5,10,162,4.04,1378,84,412,1299,0.251,0.307,0.393,,
2015,13,MIN Twins,"2,220,054","27,408","$107,755,000 ",0.51235,83,79,0,11,162,4.3,1349,70,439,1264,0.247,0.305,0.399,,
2015,2,NY Mets,"2,569,753","31,725","$98,874,473 ",0.55556,90,72,0.4,7,162,4.22,1351,51,488,1290,0.244,0.312,0.4,,
2015,10,NY Yankees,"3,193,795","39,430","$214,051,957 ",0.53704,87,75,0.4,9,162,4.72,1397,63,554,1227,0.251,0.323,0.421,,
2015,26,OAK Athletics,"1,768,175","21,829","$64,016,001 ",0.41975,68,94,-0.2,27,162,4.28,1405,78,475,1119,0.251,0.312,0.395,,
2015,30,PHI Phillies,"1,831,080","22,606","$103,082,167 ",0.38889,63,99,-1.1,30,162,3.86,1374,88,387,1274,0.249,0.303,0.382,,
2015,9,PIT Pirates,"2,498,596","30,847","$104,457,499 ",0.60494,98,64,0.6,2,162,4.3,1462,98,461,1322,0.26,0.323,0.396,,
2015,23,SD Padres,"2,459,752","30,367","$125,203,700 ",0.45679,74,88,-0.5,23,162,4.01,1324,82,426,1327,0.243,0.3,0.385,,
2015,12,SF Giants,"2,193,581","27,081","$130,681,400 ",0.51852,84,78,0.4,12,162,4.05,1379,69,478,1336,0.249,0.311,0.411,,
2015,21,SEA Mariners,"3,375,882","41,678","$180,018,166 ",0.46914,76,86,-0.4,20,162,4.3,1486,93,457,1159,0.267,0.326,0.406,,
2015,6,STL Cardinals,"3,520,889","43,468","$128,241,500 ",0.61728,100,62,0.8,1,162,3.99,1386,69,506,1267,0.253,0.321,0.394,,
2015,17,TB Rays,"1,287,054","15,322","$64,571,233 ",0.49383,80,82,0,17,162,3.98,1383,87,436,1310,0.252,0.314,0.406,,
2015,8,TEX Rangers,"2,491,875","30,764","$178,860,789 ",0.54321,88,74,0.1,8,162,4.64,1419,101,503,1233,0.257,0.325,0.413,,
2015,3,TOR Blue Jays,"2,794,891","34,505","$117,917,400 ",0.57407,93,69,1.4,5,162,5.5,1480,88,570,1151,0.269,0.34,0.457,,
2015,14,WAS Nationals,"2,619,843","32,344","$176,496,372 ",0.51235,83,79,0.4,13,162,4.34,1363,57,539,1344,0.251,0.321,0.403,,
2014,30,AZ Diamondbacks,"2,073,730","25,602","$89,926,500 ",0.39506,64,98,-0.8,30,162,3.8,1379,86,398,1165,0.248,0.302,0.376,,
2014,17,ATL Braves,"2,354,305","29,065","$108,081,500 ",0.48765,79,83,-0.1,17,162,3.54,1316,95,472,1369,0.241,0.305,0.36,,
2014,4,BAL Orioles,"2,464,473","30,426","$109,097,500 ",0.59259,96,66,0.7,3,162,4.35,1434,44,401,1285,0.256,0.311,0.422,,
2014,25,BOS Red Sox,"2,956,089","36,495","$134,628,929 ",0.43827,71,91,-0.5,25,162,3.91,1355,63,535,1337,0.244,0.316,0.369,,
2014,24,CHI Cubs,"2,652,113","32,742","$59,800,500 ",0.45062,73,89,-0.6,22,162,3.79,1315,65,442,1477,0.239,0.3,0.385,,
2014,22,CHI White Sox,"1,650,821","20,381","$87,475,500 ",0.45062,73,89,-0.6,24,162,4.07,1400,85,417,1362,0.253,0.31,0.398,,
2014,21,CIN Reds,"2,476,664","30,576","$102,230,000 ",0.46914,76,86,-0.1,21,162,3.67,1282,122,415,1252,0.238,0.296,0.365,,
2014,12,CLE Guardians,"1,437,393","17,746","$73,509,399 ",0.52469,85,77,0.1,12,162,4.13,1411,104,504,1189,0.253,0.317,0.389,,
2014,29,COL Rockies,"2,680,329","33,090","$95,403,500 ",0.40741,66,96,-0.4,29,162,4.66,1551,85,397,1281,0.276,0.327,0.445,,
2014,8,DET Tigers,"2,917,209","36,015","$169,135,500 ",0.55556,90,72,0.3,6,162,4.67,1557,106,443,1144,0.277,0.331,0.426,,
2014,26,HOU Astros,"1,751,829","21,628","$44,736,800 ",0.43210,70,92,-0.6,26,162,3.88,1317,122,495,1442,0.242,0.309,0.383,,
2014,2,KAS Royals,"1,956,482","24,154","$89,804,075 ",0.54938,89,73,0.2,7,162,4.02,1456,153,380,985,0.263,0.314,0.376,,
2014,6,LA Angels,"3,095,935","38,221","$128,667,000 ",0.60494,98,64,0.9,1,162,4.77,1464,81,492,1266,0.259,0.322,0.406,,
2014,7,LA Dodgers,"3,782,337","46,696","$233,386,026 ",0.58025,94,68,0.6,4,162,4.43,1476,138,519,1246,0.265,0.333,0.406,,
2014,19,MIA Marlins,"1,732,283","21,386","$42,365,400 ",0.47531,77,85,-0.2,19,162,3.98,1399,58,501,1419,0.253,0.317,0.378,,
2014,15,MIL Brewers,"2,797,384","34,536","$109,567,000 ",0.50617,82,80,0,15,162,4.01,1366,102,423,1197,0.25,0.311,0.397,,
2014,27,MIN Twins,"2,250,606","27,785","$87,044,000 ",0.43210,70,92,-0.4,27,162,4.41,1412,99,544,1329,0.254,0.324,0.389,,
2014,16,NY Mets,"2,148,808","26,528","$82,663,615 ",0.48765,79,83,0.1,16,162,3.88,1306,101,516,1264,0.239,0.308,0.364,,
2014,13,NY Yankees,"3,401,624","41,995","$258,118,959 ",0.51852,84,78,-0.2,13,162,3.91,1349,112,452,1133,0.245,0.307,0.38,,
2014,10,OAK Athletics,"2,003,628","24,736","$89,160,900 ",0.54321,88,74,1,10,162,4.5,1354,83,586,1104,0.244,0.32,0.381,,
2014,23,PHI Phillies,"2,423,852","29,924","$176,444,967 ",0.45062,73,89,-0.4,23,162,3.82,1356,109,443,1306,0.242,0.302,0.363,,
2014,9,PIT Pirates,"2,442,564","30,155","$80,729,000 ",0.54321,88,74,0.3,9,162,4.21,1436,104,520,1244,0.259,0.33,0.404,,
2014,18,SD Padres,"2,195,373","27,103","$76,662,100 ",0.47531,77,85,-0.3,20,162,3.3,1199,91,468,1294,0.226,0.292,0.342,,
2014,1,SF Giants,"2,064,334","25,486","$95,471,000 ",0.54321,88,74,0.3,8,162,3.91,1328,96,396,1232,0.244,0.3,0.376,,
2014,11,SEA Mariners,"3,368,697","41,589","$163,510,167 ",0.53704,87,75,0.5,11,162,4.1,1407,56,427,1245,0.255,0.311,0.388,,
2014,3,STL Cardinals,"3,540,649","43,712","$129,932,500 ",0.55556,90,72,0.1,5,162,3.82,1371,57,471,1133,0.253,0.32,0.369,,
2014,20,TB Rays,"1,446,464","17,858","$77,814,300 ",0.47531,77,85,-0.1,18,162,3.78,1361,63,527,1124,0.247,0.317,0.367,,
2014,28,TEX Rangers,"2,718,733","33,565","$129,801,239 ",0.41358,67,95,-0.8,28,162,3.93,1400,105,417,1162,0.256,0.314,0.375,,
2014,14,TOR Blue Jays,"2,375,525","29,327","$136,466,200 ",0.51235,83,79,0.2,14,162,4.46,1435,78,502,1151,0.259,0.323,0.414,,
2014,5,WAS Nationals,"2,579,389","31,844","$137,235,080 ",0.59259,96,66,0.8,2,162,4.23,1403,101,517,1304,0.253,0.321,0.393,,
2013,16,AZ Diamondbacks,"2,134,895","26,357","$80,060,500 ",0.47531,81,81,-0.1,16,162,4.23,1468,62,519,1142,0.259,0.323,0.391,,
2013,8,ATL Braves,"2,548,679","31,465","$95,618,750 ",0.59259,96,66,0.9,3,162,4.25,1354,64,542,1384,0.249,0.321,0.402,,
2013,14,BAL Orioles,"2,357,561","29,106","$100,832,000 ",0.52469,85,77,0.2,14,162,4.6,1460,79,416,1125,0.26,0.313,0.431,,
2013,1,BOS Red Sox,"2,833,333","34,979","$175,395,500 ",0.59877,97,65,1.2,1,162,5.27,1566,123,581,1308,0.277,0.349,0.446,,
2013,27,CHI Cubs,"2,642,682","32,626","$67,874,166 ",0.40741,66,96,-0.5,26,162,3.72,1307,63,439,1230,0.238,0.3,0.392,,
2013,28,CHI White Sox,"1,768,413","21,832","$81,401,900 ",0.38889,63,99,-0.8,28,162,3.69,1385,105,411,1207,0.249,0.302,0.378,,
2013,10,CIN Reds,"2,492,101","31,151","$106,255,535 ",0.55556,90,72,0.7,11,162,4.31,1370,67,585,1245,0.249,0.327,0.391,,
2013,9,CLE Guardians,"1,572,926","19,419","$87,342,433 ",0.56790,92,70,0.5,7,162,4.6,1391,117,562,1283,0.255,0.327,0.41,,
2013,22,COL Rockies,"2,793,828","34,492","$73,768,000 ",0.45679,74,88,-0.3,20,162,4.36,1511,112,427,1204,0.27,0.323,0.418,,
2013,3,DET Tigers,"3,083,397","38,067","$154,407,000 ",0.57407,93,69,1.1,6,162,4.91,1625,35,531,1073,0.283,0.346,0.434,,
2013,30,HOU Astros,"1,651,883","20,394","$14,672,300 ",0.31481,51,111,-1.5,30,162,3.77,1307,110,426,1535,0.24,0.299,0.375,,
2013,13,KAS Royals,"1,750,754","21,614","$87,426,250 ",0.53086,86,76,0.3,12,162,4,1443,153,422,1048,0.26,0.315,0.379,,
2013,17,LA Angels,"3,019,505","37,278","$116,532,500 ",0.48148,78,84,0,17,162,4.52,1476,82,523,1221,0.264,0.329,0.414,,
2013,4,LA Dodgers,"3,743,527","46,216","$254,161,000 ",0.56790,92,70,0.4,7,162,4.01,1447,78,476,1146,0.264,0.326,0.396,,
2013,29,MIA Marlins,"1,586,322","19,584","$24,761,900 ",0.38272,62,100,-0.8,29,162,3.17,1257,78,432,1232,0.231,0.293,0.335,,
2013,21,MIL Brewers,"2,531,105","31,248","$86,945,000 ",0.45679,74,88,-0.3,20,162,3.95,1381,142,407,1183,0.252,0.311,0.398,,
2013,26,MIN Twins,"2,477,644","30,588","$63,042,500 ",0.40741,66,96,-1.1,26,162,3.79,1346,52,533,1430,0.242,0.312,0.38,,
2013,20,NY Mets,"2,135,657","26,366","$69,425,860 ",0.45679,74,88,-0.4,20,162,3.82,1318,114,512,1384,0.237,0.306,0.366,,
2013,15,NY Yankees,"3,279,589","40,489","$246,534,750 ",0.52469,85,77,-0.1,14.00000,162,4.01,1321,115,466,1214,0.242,0.307,0.376,,
2013,7,OAK Athletics,"1,809,302","22,337","$69,440,000 ",0.59259,96,66,0.9,3.00000,162,4.73,1403,74,573,1178,0.254,0.327,0.419,,
2013,24,PHI Phillies,"3,012,403","37,190","$150,860,000 ",0.45062,73,89,-0.9,24.00000,162,3.77,1355,73,417,1205,0.248,0.306,0.384,,
2013,6,PIT Pirates,"2,256,862","27,862","$99,230,000 ",0.58025,94,68,0.4,5.00000,162,3.91,1346,94,469,1330,0.245,0.313,0.396,,
2013,18,SD Padres,"2,166,691","26,749","$65,988,600 ",0.46914,76,86,-0.5,18.00000,162,3.81,1349,118,467,1309,0.245,0.308,0.378,,
2013,19,SF Giants,"1,761,546","21,747","$78,887,000 ",0.46914,76,86,-0.4,25.00000,162,3.85,1318,49,529,1353,0.237,0.306,0.39,,
2013,25,SEA Mariners,"3,369,106","41,087","$139,845,667 ",0.43827,71,91,-0.8,,162,3.88,1446,67,469,1078,0.26,0.32,0.381,,
2013,2,STL Cardinals,"3,369,769","41,602","$112,583,000 ",0.59877,97,65,1.2,,162,4.83,1494,45,481,1110,0.269,0.332,0.401,,
2013,5,TB Rays,"1,510,300","18,646","$71,163,500 ",0.56442,92,71,0.3,,163,4.29,1421,73,589,1171,0.257,0.329,0.408,,
2013,11,TEX Rangers,"3,178,273","38,759","$139,261,200 ",0.55828,91,72,0.6,,163,4.48,1465,149,462,1067,0.262,0.323,0.412,,
2013,23,TOR Blue Jays,"2,536,562","31,316","$124,517,800 ",0.45679,74,88,-0.3,,162,4.4,1398,112,510,1123,0.252,0.318,0.411,,
2013,12,WAS Nationals,"2,652,422","32,746","$112,493,250 ",0.53086,86,76,0.2,,162,4.05,1365,88,464,1192,0.251,0.313,0.398,,
2012,16,AZ Diamondbacks,"2,177,617","26,884","$67,069,833 ",0.58025,94,68,0.4,,162,4.53,1416,93,539,1266,0.259,0.328,0.418,,
2012,9,ATL Braves,"2,420,171","29,879","$86,208,000 ",0.54938,89,73,0.2,,162,4.32,1341,101,567,1289,0.247,0.32,0.389,,
2012,8,BAL Orioles,"2,102,240","25,954","$77,949,000 ",0.42593,69,93,-0.9,,162,4.4,1375,58,480,1315,0.247,0.311,0.417,,
2012,25,BOS Red Sox,"3,043,003","37,568","$110,386,000 ",0.55556,90,72,0.9,,162,4.53,1459,97,428,1197,0.26,0.315,0.415,,
2012,29,CHI Cubs,"2,882,756","35,590","$86,159,366 ",0.43827,71,91,-0.6,,162,3.78,1297,94,447,1235,0.24,0.302,0.378,,
2012,14,CHI White Sox,"1,965,955","24,271","$118,208,000 ",0.48765,79,83,-0.3,,162,4.62,1409,109,461,1203,0.255,0.318,0.422,,
2012,5,CIN Reds,"2,347,251","28,978","$80,309,500 ",0.48765,79,83,0.1,,162,4.13,1377,87,481,1266,0.251,0.315,0.411,,
2012,26,CLE Guardians,"1,603,596","19,797","$78,911,300 ",0.49383,80,82,-0.3,,162,4.12,1385,110,555,1087,0.251,0.324,0.381,,
2012,28,COL Rockies,"2,630,458","32,475","$75,485,000 ",0.45062,73,89,-0.2,,162,4.68,1526,100,450,1213,0.274,0.33,0.436,,
2012,2,DET Tigers,"3,028,033","37,383","$131,394,000 ",0.58642,95,67,0.5,,162,4.48,1467,59,511,1103,0.268,0.335,0.422,,
2012,30,HOU Astros,"1,607,733","19,849","$37,651,000 ",0.44444,72,90,-0.5,,162,3.6,1276,105,463,1365,0.236,0.302,0.371,,
2012,23,KAS Royals,"1,739,859","21,480","$61,747,075 ",0.34568,56,106,-1.1,,162,4.17,1492,132,404,1032,0.265,0.317,0.4,,
2012,12,LA Angels,"3,061,770","37,800","$141,073,500 ",0.43827,71,91,-0.2,,162,4.73,1518,134,449,1113,0.274,0.332,0.433,,
2012,13,LA Dodgers,"3,324,246","41,040","$177,033,600 ",0.53086,86,76,0.2,,162,3.93,1369,104,481,1156,0.252,0.317,0.374,,
2012,24,MIA Marlins,"2,219,444","27,401","$107,678,000 ",0.50932,82,79,0.2,,161,3.76,1327,149,484,1228,0.244,0.308,0.382,,
2012,15,MIL Brewers,"2,831,385","34,955","$95,717,000 ",0.59259,96,66,0.5,,162,4.79,1442,158,466,1240,0.259,0.325,0.437,,
2012,27,MIN Twins,"2,776,354","34,276","$99,066,000 ",0.38889,63,99,-1.1,,162,4.33,1448,135,505,1069,0.26,0.325,0.39,,
2012,21,NY Mets,"2,242,803","27,689","$91,621,424 ",0.47531,77,85,-0.1,,162,4.01,1357,79,503,1250,0.249,0.316,0.386,,
2012,4,NY Yankees,"3,542,406","43,733","$197,977,900 ",0.59877,97,65,1.3,,162,4.96,1462,93,565,1176,0.265,0.337,0.453,,
2012,6,OAK Athletics,"1,679,013","20,729","$61,202,500 ",0.45679,74,88,-0.2,,162,4.4,1315,122,550,1387,0.238,0.31,0.404,,
2012,17,PHI Phillies,"3,565,718","44,021","$171,501,558 ",0.62963,102,60,1.1,,162,4.22,1414,116,454,1094,0.255,0.317,0.4,,
2012,18,PIT Pirates,"2,091,918","25,826","$70,077,000 ",0.44444,72,90,-0.6,,162,4.02,1313,73,444,1354,0.243,0.304,0.395,,
2012,19,SD Padres,"2,123,721","26,219","$55,494,700 ",0.43827,71,91,-0.1,,162,4.02,1339,155,539,1238,0.247,0.319,0.38,,
2012,1,SF Giants,"1,721,920","21,258","$78,235,600 ",0.53086,86,76,0,,162,3.82,1285,104,466,1259,0.234,0.296,0.369,,
2012,20,SEA Mariners,"3,377,371","41,696","$117,637,350 ",0.41358,67,95,-0.7,,162,4.43,1495,118,483,1097,0.269,0.327,0.397,,
2012,3,STL Cardinals,"3,262,109","40,273","$112,071,000 ",0.55556,90,72,0.4,,162,4.72,1526,91,533,1192,0.271,0.338,0.421,,
2012,11,TB Rays,"1,559,681","19,255","$63,368,700 ",0.56173,91,71,0.6,,162,4.3,1293,134,571,1323,0.24,0.317,0.394,,
2012,10,TEX Rangers,"3,460,280","42,720","$124,119,900 ",0.59259,96,66,1.1,,162,4.99,1526,91,478,1103,0.273,0.334,0.446,,
2012,22,TOR Blue Jays,"2,099,663","25,922","$82,352,700 ",0.50000,81,81,-0.1,,162,4.42,1346,123,473,1251,0.245,0.309,0.407,,
2012,7,WAS Nationals,"2,370,794","29,269","$92,386,000 ",0.49689,80,81,-0.1,,161,4.51,1468,105,479,1325,0.261,0.322,0.428,,
2011,8,AZ Diamondbacks,"2,105,432","25,993","$54,823,166 ",0.58025,94,68,0.4,,162,4.51,1357,133,531,1249,0.25,0.322,0.413,,
2011,10,ATL Braves,"2,372,940","29,296","$93,855,132 ",0.54938,89,73,0.2,,162,3.96,1345,77,504,1260,0.243,0.308,0.387,,
2011,27,BAL Orioles,"1,755,461","21,672","$88,299,038 ",0.42593,69,93,-0.9,,162,4.37,1434,81,452,1120,0.257,0.316,0.413,,
2011,9,BOS Red Sox,"3,054,001","37,704","$166,662,475 ",0.55556,90,72,0.9,,162,5.4,1600,102,578,1108,0.28,0.349,0.461,,
2011,26,CHI Cubs,"3,017,966","37,259","$136,547,329 ",0.43827,71,91,-0.6,,162,4.04,1423,69,425,1202,0.256,0.314,0.401,,
2011,18,CHI White Sox,"2,001,117","24,705","$127,789,000 ",0.48765,79,83,-0.3,,162,4.04,1387,81,475,989,0.252,0.319,0.388,,
2011,17,CIN Reds,"2,213,588","27,328","$77,297,134 ",0.48765,79,83,0.1,,162,4.54,1438,97,535,1250,0.256,0.326,0.408,,
2011,16,CLE Guardians,"1,840,835","22,726","$49,426,566 ",0.49383,80,82,-0.3,,162,4.35,1380,89,494,1269,0.25,0.317,0.396,,
2011,21,COL Rockies,"2,909,777","35,923","$91,648,071 ",0.45062,73,89,-0.2,,162,4.54,1429,118,555,1201,0.258,0.329,0.41,,
2011,4,DET Tigers,"2,642,045","32,618","$106,875,231 ",0.58642,95,67,0.5,,162,4.86,1540,49,521,1143,0.277,0.34,0.434,,
2011,30,HOU Astros,"1,520,562","18,772","$57,694,000 ",0.44444,72,90,-0.5,,162,3.86,1358,95,542,1244,0.247,0.318,0.388,,
2011,24,KAS Royals,"2,067,016","25,519","$71,110,500 ",0.34568,56,106,-1.1,,162,3.8,1442,118,401,1164,0.258,0.311,0.374,,
2011,11,LA Angels,"1,724,450","21,290","$35,712,000 ",0.43827,71,91,-0.2,,162,4.51,1560,153,442,1006,0.275,0.329,0.415,,
2011,13,LA Dodgers,"3,166,321","39,090","$138,543,166 ",0.53086,86,76,0.2,,162,4.12,1394,135,442,1086,0.253,0.313,0.402,,
2011,23,MIA Marlins,"2,935,139","36,236","$103,785,477 ",0.50932,82,79,0.2,,161,4,1395,126,498,1087,0.257,0.322,0.375,,
2011,3,MIL Brewers,"3,071,373","37,918","$86,636,333 ",0.59259,96,66,0.5,,162,4.45,1422,94,481,1083,0.261,0.325,0.425,,
2011,29,MIN Twins,"3,168,116","39,113","$112,737,000 ",0.38889,63,99,-1.1,,162,3.82,1357,92,440,1048,0.247,0.306,0.36,,
2011,19,NY Mets,"2,352,596","29,044","$151,897,309 ",0.47531,77,85,-0.1,,162,4.43,1477,130,571,1085,0.264,0.335,0.391,,
2011,7,NY Yankees,"3,653,680","45,107","$206,275,028 ",0.59877,97,65,1.3,,162,5.35,1452,147,627,1138,0.263,0.343,0.444,,
2011,20,OAK Athletics,"1,476,791","18,232","$67,094,000 ",0.45679,74,88,-0.2,,162,3.98,1330,117,509,1094,0.244,0.311,0.369,,
2011,5,PHI Phillies,"3,680,718","45,441","$172,976,379 ",0.62963,102,60,1.1,,162,4.4,1409,96,539,1024,0.253,0.323,0.395,,
2011,22,PIT Pirates,"1,940,429","23,956","$45,047,000 ",0.44444,72,90,-0.6,,162,3.77,1325,108,489,1308,0.244,0.309,0.368,,
2011,25,SD Padres,"2,143,018","26,457","$45,869,140 ",0.43827,71,91,-0.1,,162,3.66,1284,170,501,1320,0.237,0.305,0.349,,
2011,12,SF Giants,"1,896,321","23,411","$86,110,600 ",0.53086,86,76,0,,162,3.43,1263,125,435,1280,0.233,0.292,0.348,,
2011,28,SEA Mariners,"3,387,303","41,819","$124,198,333 ",0.41358,67,95,-0.7,,162,3.52,1327,85,448,1122,0.242,0.303,0.368,,
2011,1,STL Cardinals,"3,093,954","38,197","$105,433,572 ",0.55556,90,72,0.4,,162,4.7,1513,57,542,978,0.273,0.341,0.425,,
2011,6,TB Rays,"1,529,188","18,879","$41,053,571 ",0.56173,91,71,0.6,,162,4.36,1324,155,571,1193,0.244,0.322,0.402,,
2011,2,TEX Rangers,"2,946,949","36,382","$93,799,264 ",0.59259,96,66,1.1,,162,5.28,1599,143,475,930,0.283,0.34,0.46,,
2011,14,TOR Blue Jays,"1,818,103","22,446","$64,567,800 ",0.50000,81,81,-0.1,,162,4.59,1384,131,525,1184,0.249,0.317,0.413,,
2011,15,WAS Nationals,"1,940,478","24,256","$68,492,928 ",0.49689,80,81,-0.1,,161,3.88,1319,106,470,1323,0.242,0.309,0.383,,
2010,28,AZ Diamondbacks,"2,056,697","25,391","$61,368,166 ",0.40123,65,97,-0.8,,162,4.4,1366,86,589,1529,0.25,0.325,0.416,,
2010,5,ATL Braves,"2,510,119","30,989","$84,423,666 ",0.56173,91,71,0.7,,162,4.56,1411,63,634,1140,0.258,0.339,0.401,,
2010,27,BAL Orioles,"1,733,019","21,395","$81,612,500 ",0.40741,66,96,-1.1,,162,3.78,1440,76,424,1056,0.259,0.316,0.386,,
2010,10,BOS Red Sox,"3,046,445","37,610","$164,507,333 ",0.54938,89,73,0.5,,162,5.05,1511,68,587,1140,0.268,0.339,0.451,,
2010,23,CHI Cubs,"3,062,973","37,814","$147,009,001 ",0.46296,75,87,-0.5,,162,4.23,1414,55,479,1236,0.257,0.32,0.401,,
2010,11,CHI White Sox,"2,194,378","27,091","$107,195,000 ",0.54321,88,74,0.3,,162,4.64,1467,160,467,922,0.268,0.332,0.42,,
2010,7,CIN Reds,"2,060,550","25,439","$75,321,542 ",0.56173,91,71,0.6,,162,4.88,1515,93,522,1218,0.272,0.338,0.436,,
2010,24,CLE Guardians,"1,391,644","17,181","$61,203,966 ",0.42593,69,93,-0.7,,162,3.99,1362,91,545,1184,0.248,0.322,0.378,,
2010,14,COL Rockies,"2,875,245","35,497","$90,677,000 ",0.51235,83,79,0.3,,162,4.75,1452,99,585,1274,0.263,0.336,0.425,,
2010,16,DET Tigers,"2,461,237","30,386","$124,039,928 ",0.50000,81,81,0,,162,4.64,1515,69,546,1147,0.268,0.335,0.415,,
2010,22,HOU Astros,"1,524,894","18,826","$57,454,719 ",0.49383,80,82,0,,162,4.44,1403,92,514,1375,0.254,0.321,0.403,,
2010,26,KAS Royals,"2,331,490","28,784","$93,216,000 ",0.46914,76,86,-0.7,,162,3.77,1348,100,415,1025,0.247,0.303,0.362,,
2010,18,LA Angels,"1,615,327","19,942","$73,105,210 ",0.41358,67,95,-1,,162,4.17,1534,115,471,905,0.274,0.331,0.399,,
2010,19,LA Dodgers,"3,250,814","40,134","$104,963,866 ",0.49383,80,82,-0.1,,162,4.2,1363,104,466,1070,0.248,0.311,0.39,,
2010,17,MIA Marlins,"3,562,320","43,979","$95,358,016 ",0.49383,80,82,-0.2,,162,4.12,1368,92,533,1184,0.252,0.322,0.379,,
2010,21,MIL Brewers,"2,776,531","34,278","$81,108,278 ",0.47531,77,85,-0.3,,162,4.63,1471,81,546,1216,0.262,0.335,0.424,,
2010,8,MIN Twins,"3,223,640","39,798","$97,559,166 ",0.58025,94,68,0.7,,162,4.82,1521,68,559,967,0.273,0.341,0.422,,
2010,20,NY Mets,"2,559,738","31,602","$134,422,942 ",0.48765,79,83,0,,162,4.05,1361,130,502,1095,0.249,0.314,0.383,,
2010,4,NY Yankees,"3,765,807","46,491","$210,733,389 ",0.58642,95,67,1,,162,5.3,1485,103,662,1136,0.267,0.35,0.436,,
2010,15,OAK Athletics,"1,418,391","17,511","$57,904,900 ",0.50000,81,81,0.2,,162,4.09,1396,156,527,1061,0.256,0.324,0.378,,
2010,3,PHI Phillies,"3,777,322","44,968","$141,928,379 ",0.59877,97,65,0.8,,162,4.77,1451,108,560,1064,0.26,0.332,0.413,,
2010,30,PIT Pirates,"1,613,399","19,919","$37,443,000 ",0.35185,57,105,-1.7,,162,3.62,1303,87,463,1207,0.242,0.304,0.373,,
2010,9,SD Padres,"2,131,774","26,318","$37,799,300 ",0.55556,90,72,0.5,,162,4.1,1338,124,538,1183,0.246,0.317,0.371,,
2010,1,SF Giants,"2,085,630","25,749","$86,510,000 ",0.56790,92,70,0.7,,162,3.17,1274,142,459,1184,0.236,0.298,0.339,,
2010,29,SEA Mariners,"3,037,443","37,499","$98,641,333 ",0.37654,61,101,-1.1,,162,4.3,1411,55,487,1099,0.257,0.321,0.408,,
2010,12,STL Cardinals,"3,301,218","40,756","$93,540,751 ",0.53086,86,76,0.6,,162,4.54,1456,79,541,1027,0.263,0.332,0.402,,
2010,6,TB Rays,"1,864,999","23,025","$71,923,471 ",0.59259,96,66,0.9,,162,4.95,1343,172,672,1292,0.247,0.333,0.403,,
2010,2,TEX Rangers,"2,505,171","30,928","$56,474,374 ",0.55556,90,72,0.6,,162,4.86,1556,123,511,986,0.276,0.338,0.419,,
2010,13,TOR Blue Jays,"1,495,482","19,173","$62,734,000 ",0.52469,85,77,0.2,,162,4.66,1364,58,471,1164,0.248,0.312,0.454,,
2010,25,WAS Nationals,"1,828,066","22,569","$67,701,000 ",0.42593,69,93,-0.5,,162,4.04,1355,110,503,1220,0.25,0.318,0.39,,
,,,,,,,,,,,,,,,,,,,,,
